Period,Campaign,"Campaign Type","Lines per Agent","Total Leads",Available,Dialed,"Dials per Hr","Avg Attempts",Reps,"Man Hours","Logged In Time",Connects,"Connect %",Contacts,Contact%,Hangups,"Connects per Hour","Conversion Rate","Conversion Factor",Sale/Lead/App,S-L-A/HR,"NoAns Rate","Norb Rate","Drop Rate","Avg Wait Time"
Total,"A1G ABQ HS26M PRIORITY OTHER NEW",Outbound,8,2213,89.56%,276,181.58,1,3,1.52,01:47:46,23,8.33,18,6.52,1,15.13,22.22%,.01,4,2.63,17.03%,1.09%,14.81%,00:00:57
Total,"A1G ABQ HS26M PRIORITY TIERS",Outbound,7,2316,81.99%,2,18.18,8,1,.11,00:08:01,2,100.00,2,100.00,0,18.18,50.00%,4.55,1,9.09,.00%,.00%,.00%,00:00:00
Total,"A1G AUS HS26C STL",Outbound,1,270,57.78%,4,80.00,2,1,.05,00:04:10,4,100.00,0,.00,0,80.00,.00%,.00,0,.00,.00%,.00%,.00%,00:00:00
Total,"A1G BOI HS26M PRIORITY OTHER TIER",Outbound,8,3552,77.87%,502,865.52,9,3,.58,00:46:57,19,3.78,5,1.00,0,32.76,.00%,.00,0,.00,11.75%,.40%,13.64%,00:00:59
Total,"A1G COS HS26M STL",Outbound,1,176,46.59%,3,60.00,1,2,.05,00:06:56,2,66.67,0,.00,1,40.00,.00%,.00,0,.00,.00%,.00%,.00%,00:00:00
Total,"A1G DAL HS26C PRIORITY 1",Outbound,8,72741,99.80%,1,50.00,1,1,.02,00:00:58,1,100.00,0,.00,0,50.00,.00%,.00,0,.00,.00%,.00%,.00%,00:00:00
Total,"A1G DEN DONS HS26M PRIORITY TIERS",Outbound,8,3170,81.36%,55,196.43,9,3,.28,00:19:24,3,5.45,3,5.45,0,10.71,33.33%,.06,1,3.57,7.27%,.00%,25.00%,00:00:54
Total,"A1G DEN DONS HS26M PRIORITY TIERS OTHER",Outbound,8,43944,98.16%,2738,398.54,1,7,6.87,08:10:33,170,6.21,95,3.47,2,24.75,6.32%,.00,6,.87,11.36%,.73%,12.82%,00:01:08
Total,"A1G DET GRR HS26E STL",Outbound,1,1393,57.79%,1,50.00,1,1,.02,00:10:44,1,100.00,0,.00,0,50.00,.00%,.00,0,.00,.00%,.00%,.00%,00:00:00
Total,"A1G FLG HS26M PRIORITY TIERS OTHER NEW",Outbound,3,2616,97.48%,1112,201.81,1,9,5.51,06:41:54,108,9.71,66,5.94,1,19.60,7.58%,.00,5,.91,14.12%,.18%,4.42%,00:01:09
Total,"A1G GRB HS26C PRIORITY TIERS OTHER NEW",Outbound,3,1654,99.33%,2,200.00,1,1,.01,00:00:46,0,.00,0,.00,0,.00,.00%,.00,0,.00,50.00%,.00%,.00%,00:00:15
Total,"A1G HOU HS26C STL",Outbound,1,835,58.44%,1,33.33,1,1,.03,00:02:32,1,100.00,0,.00,0,33.33,.00%,.00,0,.00,.00%,.00%,.00%,00:00:00
Total,"A1G HS26 ANGI DIRECT STL 0507",Outbound,1,2143,13.02%,118,37.11,1,4,3.18,05:25:50,97,82.20,18,15.25,7,30.50,27.78%,.01,5,1.57,3.39%,.00%,1.02%,00:00:44
Total,"A1G IND DONS HS26E PRIORITY TIERS OTHER",Outbound,4,3189,98.90%,345,178.76,1,4,1.93,02:09:32,35,10.14,29,8.41,0,18.13,3.45%,.00,1,.52,16.81%,1.16%,14.63%,00:01:35
Total,"A1G KCI HS26C PRIORITY TIERS",Outbound,5,3813,.13%,2,100.00,7,1,.02,00:01:21,2,100.00,1,50.00,0,100.00,.00%,.00,0,.00,.00%,.00%,.00%,00:00:00
Total,"A1G LAN HS26E OTHER PRIORITY TIER",Outbound,8,5799,63.08%,4,30.77,24,2,.13,00:11:03,2,50.00,1,25.00,2,15.38,100.00%,1.92,1,7.69,.00%,.00%,.00%,00:00:00
Total,"A1G LAS HS26P PRIORITY OTHER TIER",Outbound,5,36031,90.45%,1,50.00,4,1,.02,00:03:10,1,100.00,0,.00,0,50.00,.00%,.00,0,.00,.00%,.00%,.00%,00:00:00
Total,"A1G LAS HS26P STL",Outbound,1,388,65.46%,3,150.00,1,1,.02,00:03:25,2,66.67,0,.00,1,100.00,.00%,.00,0,.00,.00%,.00%,.00%,00:00:00
Total,"A1G MAD HS26C PRIORITY TIERS OTHER",Outbound,1,381,99.48%,11,45.83,1,3,.24,00:16:08,2,18.18,2,18.18,1,8.33,50.00%,.38,1,4.17,9.09%,.00%,.00%,00:00:47
Total,"A1G MKE HS26C PRIORITY OTHER TIER",Outbound,8,24956,72.84%,27,385.71,17,2,.07,00:04:54,6,22.22,4,14.81,0,85.71,.00%,.00,0,.00,37.04%,.00%,.00%,00:00:42
Total,"A1G NSH HS26C PRIORITY TIERS",Outbound,8,4696,5.77%,2,100.00,9,1,.02,00:01:38,2,100.00,1,50.00,0,100.00,.00%,.00,0,.00,.00%,.00%,.00%,00:00:00
Total,"A1G ORL HS26E PRIORITY TIERS OTHER",Outbound,1,11998,99.82%,11,73.33,1,3,.15,00:11:32,2,18.18,0,.00,0,13.33,.00%,.00,0,.00,9.09%,.00%,.00%,00:01:29
Total,"A1G PHL HS26E STL",Outbound,1,96,45.83%,7,20.00,1,2,.35,00:34:54,7,100.00,1,14.29,0,20.00,100.00%,.41,1,2.86,.00%,.00%,.00%,00:00:00
Total,"A1G PHX HS26M PRIORITY OTHER TIER",Outbound,8,115763,92.89%,957,225.71,3,8,4.24,04:55:25,95,9.93,64,6.69,2,22.41,3.13%,.00,2,.47,12.54%,.73%,3.06%,00:01:09
Total,"A1G PHX HS26M STL",Outbound,1,812,57.27%,4,36.36,1,3,.11,00:17:05,2,50.00,0,.00,1,18.18,.00%,.00,0,.00,.00%,.00%,.00%,00:00:00
Total,"A1G RNO HS26P PRIORITY TIERS OTHER NEW",Outbound,6,2864,90.43%,951,158.24,1,7,6.01,06:46:19,132,13.88,71,7.47,2,21.96,9.86%,.00,7,1.16,13.88%,.84%,5.04%,00:00:58
Total,"A1G TUS HS26E PRIORITY OTHER",Outbound,8,24714,91.79%,136,591.30,5,2,.23,00:20:20,6,4.41,3,2.21,0,26.09,.00%,.00,0,.00,8.09%,.00%,25.00%,00:00:39
Total,"ABC MIDWEST HS26 HS26C ACTIVE 0806",Outbound,1,1848,88.58%,1775,140.21,1,7,12.66,16:41:35,209,11.77,146,8.23,6,16.51,18.49%,.00,27,2.13,18.48%,.17%,3.69%,00:01:09
Total,"ABC MIDWEST HS26 HS26C INACTIVE 0806",Outbound,4,3080,92.34%,1,100.00,1,1,.01,00:00:30,0,.00,0,.00,0,.00,.00%,.00,0,.00,.00%,.00%,100.00%,00:00:09
Total,"AIRTRON DALLAS HS26C EXP MEM 0813",Outbound,1,442,94.12%,1,.00,1,1,.00,00:00:00,0,.00,0,.00,0,.00,.00%,.00,0,.00,.00%,.00%,.00%,00:00:00
Total,"AIRTRON NASHVILLE HS26C ACTIVE 0727",Outbound,2,500,70.60%,433,71.57,2,8,6.05,08:02:07,121,27.94,96,22.17,3,20.00,13.54%,.00,13,2.15,9.70%,.00%,5.47%,00:00:35
Total,"AMT REMODELING AND CONSTRUCTION STORM 1/11/24 SPEC",Outbound,5,1943,69.99%,5,250.00,2,2,.02,00:01:12,0,.00,0,.00,1,.00,.00%,.00,0,.00,.00%,.00%,100.00%,00:00:05
Total,"BELL SPEC AREA RR26E 08102026",Outbound,4,5122,99.63%,407,191.98,1,5,2.12,02:39:04,28,6.88,11,2.70,0,13.21,36.36%,.00,4,1.89,11.30%,1.23%,3.45%,00:01:18
Total,"BETHANY OK RR26C 05082026 CELLS",Outbound,4,4270,93.98%,1,33.33,3,1,.03,00:02:23,1,100.00,1,100.00,0,33.33,.00%,.00,0,.00,.00%,.00%,.00%,00:00:00
Total,"COLUMBIA SE26E ACTIVE 0720",Outbound,3,543,66.11%,2,50.00,5,1,.04,00:04:04,1,50.00,0,.00,1,25.00,.00%,.00,0,.00,.00%,.00%,.00%,00:00:02
Total,"COLUMBIA SE26E ACTIVE 0806",Outbound,3,1397,89.55%,6,50.00,3,2,.12,00:12:03,4,66.67,1,16.67,2,33.33,.00%,.00,0,.00,.00%,.00%,.00%,00:00:00
Total,"CROPP MET ESA SE26E ACTIVE 0805",Outbound,1,1500,84.53%,1125,69.40,1,10,16.21,17:50:43,220,19.56,156,13.87,4,13.57,24.36%,.00,38,2.34,16.89%,.27%,4.76%,00:01:24
Total,"DHI ROOFING RR26C 05032026 CELLS",Outbound,4,934,92.51%,1,20.00,6,1,.05,00:03:35,1,100.00,1,100.00,0,20.00,.00%,.00,0,.00,.00%,.00%,.00%,00:00:00
Total,"DUAL TEMP B2B26 0217",Outbound,1,2102,48.76%,54,26.21,6,1,2.06,02:52:24,43,79.63,41,75.93,11,20.87,.00%,.00,0,.00,.00%,.00%,.00%,00:00:00
Total,"EAST BAY SE26P ACTIVE 0805",Outbound,3,1000,90.50%,231,150.00,1,3,1.54,01:35:04,37,16.02,22,9.52,1,24.03,4.55%,.00,1,.65,7.79%,.00%,15.91%,00:01:10
Total,"EMPORIA KS RR26C 08052026 CELLS",Outbound,5,1701,90.71%,14,42.42,3,2,.33,00:20:13,12,85.71,8,57.14,1,36.36,.00%,.00,0,.00,.00%,.00%,.00%,00:00:00
Total,"EMPORIA KS RR26C 08052026 CELLSS",Outbound,5,1701,88.42%,10,26.32,4,3,.38,00:52:49,5,50.00,4,40.00,1,13.16,25.00%,.26,1,2.63,.00%,.00%,37.50%,00:00:01
Total,"FAIRLAWN OH CR26E 08102026",Outbound,4,74,71.62%,89,22.70,1,5,3.92,05:48:49,82,92.13,15,16.85,6,20.92,6.67%,.00,1,.26,.00%,.00%,.00%,00:00:03
Total,"FAIRLAWN OH RR26E 08102026 CELLS",Outbound,5,2076,96.05%,2023,340.00,1,5,5.95,08:43:46,134,6.62,31,1.53,2,22.52,12.90%,.00,4,.67,11.12%,.74%,3.60%,00:01:20
Total,"FAIRLAWN OH RR26E 08102026 LANDLINES",Outbound,4,1252,97.84%,1253,410.82,1,5,3.05,03:52:44,71,5.67,17,1.36,0,23.28,5.88%,.00,1,.33,15.32%,2.23%,.00%,00:01:32
Total,"GC RELIABLE HS26E ACTIVE 0810",Outbound,1,694,89.77%,797,101.92,1,7,7.82,08:58:41,134,16.81,92,11.54,1,17.14,6.52%,.00,6,.77,11.67%,.25%,3.60%,00:01:24
Total,"HAGERSTOWN MD CC26E 2025 STORMS AND RETAIL",Outbound,4,366,54.10%,27,15.88,2,2,1.70,02:02:30,22,81.48,6,22.22,4,12.94,16.67%,.02,1,.59,.00%,.00%,.00%,00:00:01
Total,"HOUSTON SE26C ACTIVE 0807",Outbound,2,1004,88.55%,13,92.86,1,2,.14,00:08:28,5,38.46,2,15.38,0,35.71,.00%,.00,0,.00,.00%,.00%,.00%,00:00:51
Total,"INSURED CONT CR26C 03102026",Outbound,4,184,47.83%,1,100.00,5,1,.01,00:01:08,1,100.00,0,.00,0,100.00,.00%,.00,0,.00,.00%,.00%,.00%,00:00:00
Total,"IRESTORE RR26C 08092026 CELLS",Outbound,5,4243,97.64%,783,381.95,1,5,2.05,02:22:44,63,8.05,12,1.53,1,30.73,8.33%,.00,1,.49,13.15%,2.43%,.00%,00:00:55
Total,"JBL CR26C 04152026",Outbound,4,177,34.46%,7,20.59,12,1,.34,00:26:55,7,100.00,1,14.29,0,20.59,.00%,.00,0,.00,.00%,.00%,.00%,00:00:01
Total,"JR&CO KS CR26C 03102026",Outbound,4,356,35.11%,42,19.91,6,1,2.11,02:34:10,36,85.71,7,16.67,5,17.06,14.29%,.01,1,.47,.00%,.00%,.00%,00:00:01
Total,"JR&CO MO CR26C 03102026",Outbound,4,399,35.84%,19,27.54,5,2,.69,00:51:38,16,84.21,1,5.26,2,23.19,.00%,.00,0,.00,.00%,.00%,.00%,00:00:01
Total,"LOUISVILLE NORTH SE26E ACTIVE 0807",Outbound,2,400,82.50%,291,67.67,1,8,4.30,06:16:05,73,25.09,61,20.96,0,16.98,13.11%,.01,8,1.86,12.03%,.34%,2.67%,00:00:53
Total,"MINNEAPOLIS MN CR26C 07272025",Outbound,4,1288,98.52%,5,22.73,4,1,.22,00:13:17,3,60.00,2,40.00,2,13.64,.00%,.00,0,.00,.00%,.00%,.00%,00:00:00
Total,"NEXGEN CR26C 06192026",Outbound,4,244,48.36%,40,23.26,3,1,1.72,01:53:06,32,80.00,8,20.00,8,18.60,.00%,.00,0,.00,.00%,.00%,.00%,00:00:01
Total,"OHS HS26 FP5 0729",Outbound,2,16,62.50%,13,44.83,3,1,.29,00:18:49,13,100.00,3,23.08,0,44.83,.00%,.00,0,.00,.00%,.00%,.00%,00:00:02
Total,"OHS HS26 FP5 ANN 0803",Outbound,3,105,85.71%,7,41.18,2,2,.17,00:10:12,1,14.29,1,14.29,0,5.88,100.00%,.84,1,5.88,14.29%,.00%,.00%,00:00:33
Total,"OHS HS26 FP5 ANN 0804",Outbound,2,67,85.07%,61,88.41,2,3,.69,00:41:57,11,18.03,6,9.84,0,15.94,16.67%,.02,1,1.45,18.03%,.00%,8.33%,00:00:56
Total,"OHS HS26 FP5 ANN 0805",Outbound,3,98,90.82%,93,112.05,2,2,.83,01:05:51,7,7.53,6,6.45,0,8.43,33.33%,.03,2,2.41,16.13%,1.08%,.00%,00:01:37
Total,"OHS HS26 FP5 MON 0803",Outbound,2,298,87.25%,276,117.45,2,3,2.35,02:58:39,32,11.59,22,7.97,0,13.62,31.82%,.01,7,2.98,16.67%,.72%,.00%,00:01:35
Total,"OHS HS26 FP5 MON 0804",Outbound,2,114,83.33%,104,89.66,2,3,1.16,01:11:54,13,12.50,10,9.62,0,11.21,40.00%,.03,4,3.45,22.12%,.00%,13.33%,00:01:51
Total,"OHS HS26 FP5 MON 0807 0810",Outbound,3,387,94.83%,59,79.73,1,2,.74,00:47:06,6,10.17,4,6.78,0,8.11,50.00%,.05,2,2.70,18.64%,.00%,.00%,00:03:03
Total,"OHS HS26 PROB ENROLL 0728",Outbound,2,313,79.23%,1,5.00,1,1,.20,00:12:23,1,100.00,1,100.00,0,5.00,100.00%,5.00,1,5.00,.00%,.00%,.00%,00:00:00
Total,"PRIDE ROOFING CCR26M 06242026",Outbound,4,101,29.70%,1,50.00,10,1,.02,00:01:15,1,100.00,0,.00,0,50.00,.00%,.00,0,.00,.00%,.00%,.00%,00:00:00
Total,"SOUTH BURBS IL CR26C 07272026",Outbound,4,400,57.75%,22,11.76,3,4,1.87,02:25:50,17,77.27,7,31.82,5,9.09,.00%,.00,0,.00,.00%,.00%,.00%,00:00:01
Total,"SPRINGDALE AR CR26C 04282026",Outbound,4,151,45.03%,15,14.02,2,2,1.07,01:58:54,12,80.00,2,13.33,2,11.21,.00%,.00,0,.00,.00%,.00%,.00%,00:00:01
Total,"ST CLOUD MN RR26C 08072026 CELLS",Outbound,6,2459,92.92%,2075,323.21,1,6,6.42,09:15:22,139,6.70,30,1.45,1,21.65,3.33%,.00,1,.16,15.57%,.96%,2.80%,00:01:25
Total,"ST PAUL MN CR26C 06192026",Outbound,4,296,41.22%,11,12.22,3,2,.90,01:14:57,11,100.00,8,72.73,0,12.22,.00%,.00,0,.00,.00%,.00%,.00%,00:00:01
Total,"STERLING CO CR26M 07222026",Outbound,4,55,56.36%,3,33.33,2,1,.09,00:17:12,3,100.00,0,.00,0,33.33,.00%,.00,0,.00,.00%,.00%,.00%,00:00:01
Total,"TENET ROOFING CR26C DFW JUNE 2026 STORMS",Outbound,4,958,55.11%,3,10.34,4,1,.29,00:17:23,2,66.67,2,66.67,1,6.90,.00%,.00,0,.00,.00%,.00%,.00%,00:00:00
Total,"TINLEY PARK IL CR26C 07272026",Outbound,4,116,68.10%,30,25.00,3,1,1.20,01:37:53,28,93.33,1,3.33,2,23.33,.00%,.00,0,.00,.00%,.00%,.00%,00:00:01
Total,"WATERLOO IA RR26C 04142026 CELLS",Outbound,5,3648,93.12%,82,182.22,5,2,.45,00:28:39,3,3.66,2,2.44,0,6.67,50.00%,.03,1,2.22,17.07%,3.66%,.00%,00:01:51
